record_id,redcap_event_name,question_num_years_edu
110019,phase_1_arm_1,13
110033,phase_1_arm_1,16
110037,phase_1_arm_1,13
110038,phase_1_arm_1,18
110045,phase_1_arm_1,18
110056,phase_1_arm_1,16
110059,phase_1_arm_1,11
110062,phase_1_arm_1,13
110063,phase_1_arm_1,13
110069,phase_1_arm_1,16
110086,phase_1_arm_1,16
110087,phase_1_arm_1,16
110089,phase_1_arm_1,11
110098,phase_1_arm_1,11
110101,phase_1_arm_1,16
110115,phase_1_arm_1,11
110126,phase_1_arm_1,16
110133,phase_1_arm_1,16
110165,phase_1_arm_1,13
110174,phase_1_arm_1,16
110177,phase_1_arm_1,13
110182,phase_1_arm_1,13
110187,phase_1_arm_1,18
110192,phase_1_arm_1,13
110201,phase_1_arm_1,18
110261,phase_1_arm_1,13
110319,phase_1_arm_1,16
110338,phase_1_arm_1,16
110398,phase_1_arm_1,16
110409,phase_1_arm_1,16
110411,phase_1_arm_1,16
110417,phase_1_arm_1,11
110449,phase_1_arm_1,16
110458,phase_1_arm_1,16
110474,phase_1_arm_1,13
110500,phase_1_arm_1,16
110593,phase_1_arm_1,16
110594,phase_1_arm_1,11
110606,phase_1_arm_1,11
112049,phase_1_arm_1,13
112095,phase_1_arm_1,11
112141,phase_1_arm_1,16
112164,phase_1_arm_1,16
112173,phase_1_arm_1,11
120008,phase_1_arm_1,16
120018,phase_1_arm_1,11
120038,phase_1_arm_1,16
120044,phase_1_arm_1,13
120048,phase_1_arm_1,16
120049,phase_1_arm_1,18
120061,phase_1_arm_1,13
120065,phase_1_arm_1,16
120072,phase_1_arm_1,16
120075,phase_1_arm_1,16
120084,phase_1_arm_1,18
120089,phase_1_arm_1,16
120109,phase_1_arm_1,16
120111,phase_1_arm_1,16
120120,phase_1_arm_1,11
120123,phase_1_arm_1,13
120137,phase_1_arm_1,11
120141,phase_1_arm_1,16
120142,phase_1_arm_1,16
120145,phase_1_arm_1,13
120150,phase_1_arm_1,16
120151,phase_1_arm_1,11
120153,phase_1_arm_1,13
120166,phase_1_arm_1,16
120182,phase_1_arm_1,13
120184,phase_1_arm_1,16
120197,phase_1_arm_1,11
120208,phase_1_arm_1,11
120212,phase_1_arm_1,11
120218,phase_1_arm_1,18
120222,phase_1_arm_1,11
120234,phase_1_arm_1,18
120249,phase_1_arm_1,13
120264,phase_1_arm_1,18
120267,phase_1_arm_1,13
120276,phase_1_arm_1,16
120286,phase_1_arm_1,16
120309,phase_1_arm_1,16
120313,phase_1_arm_1,16
120319,phase_1_arm_1,16
120335,phase_1_arm_1,16
120347,phase_1_arm_1,13
120349,phase_1_arm_1,16
120376,phase_1_arm_1,13
120400,phase_1_arm_1,13
120409,phase_1_arm_1,11
120410,phase_1_arm_1,16
120415,phase_1_arm_1,13
120442,phase_1_arm_1,13
120446,phase_1_arm_1,11
120462,phase_1_arm_1,11
120469,phase_1_arm_1,18
120470,phase_1_arm_1,16
120494,phase_1_arm_1,13
120496,phase_1_arm_1,13
120535,phase_1_arm_1,11
120538,phase_1_arm_1,11
120545,phase_1_arm_1,13
120550,phase_1_arm_1,13
120559,phase_1_arm_1,16
120570,phase_1_arm_1,16
120573,phase_1_arm_1,16
120584,phase_1_arm_1,16
120640,phase_1_arm_1,18
120644,phase_1_arm_1,13
120662,phase_1_arm_1,13
120672,phase_1_arm_1,11
120727,phase_1_arm_1,16
120741,phase_1_arm_1,13
120764,phase_1_arm_1,18
120774,phase_1_arm_1,16
120778,phase_1_arm_1,11
120795,phase_1_arm_1,16
120813,phase_1_arm_1,11
120816,phase_1_arm_1,11
120828,phase_1_arm_1,13
120865,phase_1_arm_1,16
120867,phase_1_arm_1,13
120908,phase_1_arm_1,13
120962,phase_1_arm_1,16
120987,phase_1_arm_1,13
121035,phase_1_arm_1,13
121038,phase_1_arm_1,13
121055,phase_1_arm_1,16
121085,phase_1_arm_1,13
121106,phase_1_arm_1,18
121111,phase_1_arm_1,11
121144,phase_1_arm_1,13
121151,phase_1_arm_1,16
121158,phase_1_arm_1,16
121183,phase_1_arm_1,16
121188,phase_1_arm_1,11
121194,phase_1_arm_1,11
121200,phase_1_arm_1,18
121208,phase_1_arm_1,13
121283,phase_1_arm_1,11
121317,phase_1_arm_1,16
121321,phase_1_arm_1,13
121338,phase_1_arm_1,11
121365,phase_1_arm_1,18
121381,phase_1_arm_1,16
121397,phase_1_arm_1,18
121411,phase_1_arm_1,16
121416,phase_1_arm_1,11
121428,phase_1_arm_1,16
121431,phase_1_arm_1,16
121442,phase_1_arm_1,16
121452,phase_1_arm_1,13
121479,phase_1_arm_1,16
121491,phase_1_arm_1,16
121493,phase_1_arm_1,15
121496,phase_1_arm_1,13
121525,phase_1_arm_1,13
121527,phase_1_arm_1,16
121602,phase_1_arm_1,16
121604,phase_1_arm_1,13
121634,phase_1_arm_1,11
121642,phase_1_arm_1,16
121685,phase_1_arm_1,11
121735,phase_1_arm_1,13
121795,phase_1_arm_1,16
121841,phase_1_arm_1,18
121850,phase_1_arm_1,16
121857,phase_1_arm_1,18
121908,phase_1_arm_1,13
121916,phase_1_arm_1,13
121929,phase_1_arm_1,16
121962,phase_1_arm_1,16
122016,phase_1_arm_1,16
122028,phase_1_arm_1,11
122029,phase_1_arm_1,16
122050,phase_1_arm_1,11
122059,phase_1_arm_1,16
122062,phase_1_arm_1,13
122103,phase_1_arm_1,16
122172,phase_1_arm_1,16
122272,phase_1_arm_1,16
122279,phase_1_arm_1,18
122297,phase_1_arm_1,13
122309,phase_1_arm_1,16
122368,phase_1_arm_1,11
122405,phase_1_arm_1,16
122453,phase_1_arm_1,13
122484,phase_1_arm_1,11
122542,phase_1_arm_1,13
122555,phase_1_arm_1,11
122572,phase_1_arm_1,11
122620,phase_1_arm_1,13
122632,phase_1_arm_1,16
122640,phase_1_arm_1,11
122801,phase_1_arm_1,13
122861,phase_1_arm_1,16
122887,phase_1_arm_1,16
122921,phase_1_arm_1,16
123012,phase_1_arm_1,16
123030,phase_1_arm_1,16
123091,phase_1_arm_1,16
123142,phase_1_arm_1,13
123381,phase_1_arm_1,18
123611,phase_1_arm_1,13
210003,phase_1_arm_1,13
210005,phase_1_arm_1,16
210008,phase_1_arm_1,16
210009,phase_1_arm_1,18
210023,phase_1_arm_1,11
210039,phase_1_arm_1,16
210041,phase_1_arm_1,16
210043,phase_1_arm_1,15
210051,phase_1_arm_1,16
210055,phase_1_arm_1,16
210057,phase_1_arm_1,16
210088,phase_1_arm_1,16
210092,phase_1_arm_1,16
210124,phase_1_arm_1,16
210132,phase_1_arm_1,18
210142,phase_1_arm_1,16
210148,phase_1_arm_1,11
210162,phase_1_arm_1,16
210172,phase_1_arm_1,13
210173,phase_1_arm_1,13
210174,phase_1_arm_1,18
210182,phase_1_arm_1,15
210191,phase_1_arm_1,16
210194,phase_1_arm_1,16
210249,phase_1_arm_1,16
210250,phase_1_arm_1,16
210263,phase_1_arm_1,11
210284,phase_1_arm_1,16
210303,phase_1_arm_1,16
210304,phase_1_arm_1,18
210314,phase_1_arm_1,13
210325,phase_1_arm_1,16
210327,phase_1_arm_1,16
210328,phase_1_arm_1,16
210349,phase_1_arm_1,11
210354,phase_1_arm_1,11
210357,phase_1_arm_1,11
210365,phase_1_arm_1,13
210368,phase_1_arm_1,13
210369,phase_1_arm_1,16
210375,phase_1_arm_1,11
210402,phase_1_arm_1,16
210405,phase_1_arm_1,11
210411,phase_1_arm_1,18
210422,phase_1_arm_1,18
210441,phase_1_arm_1,16
210446,phase_1_arm_1,16
210448,phase_1_arm_1,16
210455,phase_1_arm_1,16
210465,phase_1_arm_1,11
210470,phase_1_arm_1,11
210483,phase_1_arm_1,16
210500,phase_1_arm_1,18
210519,phase_1_arm_1,16
210526,phase_1_arm_1,16
210577,phase_1_arm_1,16
210592,phase_1_arm_1,16
210601,phase_1_arm_1,16
210607,phase_1_arm_1,16
210615,phase_1_arm_1,13
210617,phase_1_arm_1,18
210626,phase_1_arm_1,16
210633,phase_1_arm_1,16
210647,phase_1_arm_1,13
210657,phase_1_arm_1,15
210672,phase_1_arm_1,16
210677,phase_1_arm_1,16
212056,phase_1_arm_1,18
212062,phase_1_arm_1,16
212073,phase_1_arm_1,16
212119,phase_1_arm_1,13
212153,phase_1_arm_1,16
212208,phase_1_arm_1,16
212228,phase_1_arm_1,16
220001,phase_1_arm_1,16
220005,phase_1_arm_1,16
220011,phase_1_arm_1,16
220012,phase_1_arm_1,16
220014,phase_1_arm_1,18
220019,phase_1_arm_1,16
220020,phase_1_arm_1,16
220024,phase_1_arm_1,16
220025,phase_1_arm_1,11
220036,phase_1_arm_1,16
220040,phase_1_arm_1,16
220054,phase_1_arm_1,11
220055,phase_1_arm_1,18
220082,phase_1_arm_1,16
220098,phase_1_arm_1,11
220105,phase_1_arm_1,13
220107,phase_1_arm_1,16
220115,phase_1_arm_1,16
220120,phase_1_arm_1,16
220123,phase_1_arm_1,16
220132,phase_1_arm_1,13
220137,phase_1_arm_1,15
220140,phase_1_arm_1,16
220151,phase_1_arm_1,16
220166,phase_1_arm_1,18
220184,phase_1_arm_1,13
220198,phase_1_arm_1,18
220203,phase_1_arm_1,11
220205,phase_1_arm_1,16
220217,phase_1_arm_1,16
220223,phase_1_arm_1,18
220232,phase_1_arm_1,16
220234,phase_1_arm_1,13
220236,phase_1_arm_1,13
220238,phase_1_arm_1,16
220250,phase_1_arm_1,13
220283,phase_1_arm_1,13
220284,phase_1_arm_1,16
220296,phase_1_arm_1,16
220298,phase_1_arm_1,18
220300,phase_1_arm_1,18
220312,phase_1_arm_1,18
220317,phase_1_arm_1,16
220318,phase_1_arm_1,11
220320,phase_1_arm_1,13
220323,phase_1_arm_1,18
220335,phase_1_arm_1,16
220352,phase_1_arm_1,16
220355,phase_1_arm_1,16
220362,phase_1_arm_1,11
220366,phase_1_arm_1,16
220371,phase_1_arm_1,13
220372,phase_1_arm_1,13
220381,phase_1_arm_1,16
220384,phase_1_arm_1,16
220394,phase_1_arm_1,16
220396,phase_1_arm_1,16
220407,phase_1_arm_1,16
220419,phase_1_arm_1,16
220421,phase_1_arm_1,16
220423,phase_1_arm_1,11
220424,phase_1_arm_1,16
220450,phase_1_arm_1,16
220452,phase_1_arm_1,16
220457,phase_1_arm_1,18
220471,phase_1_arm_1,16
220476,phase_1_arm_1,16
220503,phase_1_arm_1,18
220506,phase_1_arm_1,16
220511,phase_1_arm_1,13
220518,phase_1_arm_1,16
220519,phase_1_arm_1,16
220522,phase_1_arm_1,16
220526,phase_1_arm_1,16
220535,phase_1_arm_1,13
220553,phase_1_arm_1,11
220555,phase_1_arm_1,16
220558,phase_1_arm_1,16
220566,phase_1_arm_1,16
220567,phase_1_arm_1,16
220575,phase_1_arm_1,13
220591,phase_1_arm_1,16
220597,phase_1_arm_1,16
220608,phase_1_arm_1,13
220609,phase_1_arm_1,13
220610,phase_1_arm_1,16
220626,phase_1_arm_1,16
220627,phase_1_arm_1,16
220633,phase_1_arm_1,13
220635,phase_1_arm_1,16
220645,phase_1_arm_1,11
220659,phase_1_arm_1,16
220671,phase_1_arm_1,16
220686,phase_1_arm_1,18
220691,phase_1_arm_1,11
220697,phase_1_arm_1,16
220704,phase_1_arm_1,16
220713,phase_1_arm_1,16
220731,phase_1_arm_1,16
220752,phase_1_arm_1,11
220781,phase_1_arm_1,16
220797,phase_1_arm_1,16
220806,phase_1_arm_1,16
220828,phase_1_arm_1,18
220833,phase_1_arm_1,16
220843,phase_1_arm_1,18
220850,phase_1_arm_1,11
220865,phase_1_arm_1,16
220876,phase_1_arm_1,16
220878,phase_1_arm_1,18
220901,phase_1_arm_1,16
220910,phase_1_arm_1,16
220912,phase_1_arm_1,18
220916,phase_1_arm_1,18
220920,phase_1_arm_1,16
220972,phase_1_arm_1,18
220974,phase_1_arm_1,16
220979,phase_1_arm_1,16
220999,phase_1_arm_1,16
221002,phase_1_arm_1,16
221015,phase_1_arm_1,18
221022,phase_1_arm_1,11
221031,phase_1_arm_1,16
221033,phase_1_arm_1,16
221038,phase_1_arm_1,18
221040,phase_1_arm_1,16
221042,phase_1_arm_1,16
221048,phase_1_arm_1,11
221054,phase_1_arm_1,16
221084,phase_1_arm_1,16
221086,phase_1_arm_1,16
221089,phase_1_arm_1,18
221097,phase_1_arm_1,15
221101,phase_1_arm_1,16
221107,phase_1_arm_1,16
221126,phase_1_arm_1,18
221129,phase_1_arm_1,16
221153,phase_1_arm_1,18
221164,phase_1_arm_1,16
221188,phase_1_arm_1,13
221209,phase_1_arm_1,18
221220,phase_1_arm_1,16
221241,phase_1_arm_1,11
221244,phase_1_arm_1,16
221257,phase_1_arm_1,16
221262,phase_1_arm_1,18
221266,phase_1_arm_1,18
221269,phase_1_arm_1,16
221275,phase_1_arm_1,11
221282,phase_1_arm_1,16
221290,phase_1_arm_1,18
221301,phase_1_arm_1,16
221324,phase_1_arm_1,18
221328,phase_1_arm_1,16
221336,phase_1_arm_1,16
221352,phase_1_arm_1,16
221353,phase_1_arm_1,18
221373,phase_1_arm_1,16
221397,phase_1_arm_1,11
221437,phase_1_arm_1,16
221443,phase_1_arm_1,11
221460,phase_1_arm_1,16
221485,phase_1_arm_1,16
221487,phase_1_arm_1,16
221511,phase_1_arm_1,18
221527,phase_1_arm_1,11
221529,phase_1_arm_1,15
221530,phase_1_arm_1,13
221539,phase_1_arm_1,16
221563,phase_1_arm_1,16
221565,phase_1_arm_1,16
221568,phase_1_arm_1,16
221578,phase_1_arm_1,16
221580,phase_1_arm_1,13
221585,phase_1_arm_1,18
221587,phase_1_arm_1,16
221595,phase_1_arm_1,18
221600,phase_1_arm_1,11
221614,phase_1_arm_1,16
221620,phase_1_arm_1,11
221626,phase_1_arm_1,16
221648,phase_1_arm_1,13
221656,phase_1_arm_1,16
221674,phase_1_arm_1,18
221675,phase_1_arm_1,16
221677,phase_1_arm_1,18
221680,phase_1_arm_1,18
221684,phase_1_arm_1,11
221709,phase_1_arm_1,16
221710,phase_1_arm_1,16
221733,phase_1_arm_1,16
221737,phase_1_arm_1,13
221740,phase_1_arm_1,16
221753,phase_1_arm_1,16
221755,phase_1_arm_1,18
221775,phase_1_arm_1,16
221828,phase_1_arm_1,16
221851,phase_1_arm_1,16
221853,phase_1_arm_1,18
221879,phase_1_arm_1,13
221886,phase_1_arm_1,15
221888,phase_1_arm_1,16
221892,phase_1_arm_1,16
221908,phase_1_arm_1,16
221920,phase_1_arm_1,18
221930,phase_1_arm_1,13
221935,phase_1_arm_1,16
221954,phase_1_arm_1,16
221977,phase_1_arm_1,18
221980,phase_1_arm_1,16
221987,phase_1_arm_1,16
222018,phase_1_arm_1,11
222023,phase_1_arm_1,16
222052,phase_1_arm_1,16
222060,phase_1_arm_1,13
222061,phase_1_arm_1,18
222096,phase_1_arm_1,16
222110,phase_1_arm_1,16
222125,phase_1_arm_1,18
222144,phase_1_arm_1,18
222149,phase_1_arm_1,16
222165,phase_1_arm_1,16
222185,phase_1_arm_1,18
222201,phase_1_arm_1,16
222243,phase_1_arm_1,16
222246,phase_1_arm_1,16
222255,phase_1_arm_1,16
222258,phase_1_arm_1,16
222264,phase_1_arm_1,16
222265,phase_1_arm_1,18
222297,phase_1_arm_1,13
222303,phase_1_arm_1,18
222304,phase_1_arm_1,18
222306,phase_1_arm_1,18
222307,phase_1_arm_1,18
222315,phase_1_arm_1,13
222326,phase_1_arm_1,18
222352,phase_1_arm_1,16
222360,phase_1_arm_1,11
222366,phase_1_arm_1,16
222367,phase_1_arm_1,16
222374,phase_1_arm_1,18
222376,phase_1_arm_1,16
222389,phase_1_arm_1,15
222396,phase_1_arm_1,16
222414,phase_1_arm_1,18
222421,phase_1_arm_1,18
222451,phase_1_arm_1,20
222494,phase_1_arm_1,11
222496,phase_1_arm_1,16
222532,phase_1_arm_1,18
222555,phase_1_arm_1,16
222559,phase_1_arm_1,16
222570,phase_1_arm_1,15
222593,phase_1_arm_1,11
222596,phase_1_arm_1,18
222645,phase_1_arm_1,18
222652,phase_1_arm_1,16
222677,phase_1_arm_1,16
222691,phase_1_arm_1,16
222692,phase_1_arm_1,16
222721,phase_1_arm_1,16
222728,phase_1_arm_1,16
222789,phase_1_arm_1,13
222797,phase_1_arm_1,16
222809,phase_1_arm_1,16
222833,phase_1_arm_1,18
222844,phase_1_arm_1,15
222916,phase_1_arm_1,16
222945,phase_1_arm_1,16
222946,phase_1_arm_1,16
222956,phase_1_arm_1,11
222984,phase_1_arm_1,11
222995,phase_1_arm_1,13
223085,phase_1_arm_1,16
223098,phase_1_arm_1,18
223115,phase_1_arm_1,11
223249,phase_1_arm_1,16
223286,phase_1_arm_1,18
223395,phase_1_arm_1,16
223580,phase_1_arm_1,16
223776,phase_1_arm_1,16
223855,phase_1_arm_1,16
223986,phase_1_arm_1,18
224136,phase_1_arm_1,16
224210,phase_1_arm_1,16
224299,phase_1_arm_1,16
224337,phase_1_arm_1,16
224854,phase_1_arm_1,16
310006,phase_1_arm_1,11
310008,phase_1_arm_1,18
310013,phase_1_arm_1,16
310014,phase_1_arm_1,11
310018,phase_1_arm_1,16
310022,phase_1_arm_1,16
310024,phase_1_arm_1,18
310032,phase_1_arm_1,13
310039,phase_1_arm_1,11
310051,phase_1_arm_1,13
310052,phase_1_arm_1,18
310053,phase_1_arm_1,18
310070,phase_1_arm_1,16
310074,phase_1_arm_1,11
310078,phase_1_arm_1,16
310080,phase_1_arm_1,15
310086,phase_1_arm_1,16
310098,phase_1_arm_1,16
310100,phase_1_arm_1,16
310102,phase_1_arm_1,18
310103,phase_1_arm_1,16
310109,phase_1_arm_1,16
310122,phase_1_arm_1,16
310127,phase_1_arm_1,11
310129,phase_1_arm_1,11
310134,phase_1_arm_1,16
310135,phase_1_arm_1,16
310136,phase_1_arm_1,13
310138,phase_1_arm_1,11
310142,phase_1_arm_1,16
310158,phase_1_arm_1,16
310160,phase_1_arm_1,13
310167,phase_1_arm_1,16
310169,phase_1_arm_1,16
310172,phase_1_arm_1,18
310176,phase_1_arm_1,18
310179,phase_1_arm_1,11
310187,phase_1_arm_1,13
310189,phase_1_arm_1,11
310203,phase_1_arm_1,16
310212,phase_1_arm_1,18
310214,phase_1_arm_1,18
310223,phase_1_arm_1,16
310224,phase_1_arm_1,15
310228,phase_1_arm_1,11
310238,phase_1_arm_1,11
310243,phase_1_arm_1,18
310244,phase_1_arm_1,11
310249,phase_1_arm_1,13
310252,phase_1_arm_1,16
310256,phase_1_arm_1,16
310263,phase_1_arm_1,13
310331,phase_1_arm_1,16
310338,phase_1_arm_1,18
310343,phase_1_arm_1,15
310355,phase_1_arm_1,18
310361,phase_1_arm_1,11
310375,phase_1_arm_1,16
310385,phase_1_arm_1,16
310391,phase_1_arm_1,13
310397,phase_1_arm_1,16
310400,phase_1_arm_1,16
310402,phase_1_arm_1,16
310407,phase_1_arm_1,18
310410,phase_1_arm_1,18
310412,phase_1_arm_1,18
310414,phase_1_arm_1,16
310418,phase_1_arm_1,16
310426,phase_1_arm_1,16
310429,phase_1_arm_1,18
310450,phase_1_arm_1,16
310463,phase_1_arm_1,16
310465,phase_1_arm_1,18
310473,phase_1_arm_1,16
310475,phase_1_arm_1,18
312053,phase_1_arm_1,16
312058,phase_1_arm_1,16
312079,phase_1_arm_1,11
312088,phase_1_arm_1,16
312123,phase_1_arm_1,11
312130,phase_1_arm_1,18
312149,phase_1_arm_1,16
312180,phase_1_arm_1,15
312222,phase_1_arm_1,16
312256,phase_1_arm_1,11
320001,phase_1_arm_1,18
320002,phase_1_arm_1,16
320022,phase_1_arm_1,16
320023,phase_1_arm_1,16
320029,phase_1_arm_1,11
320034,phase_1_arm_1,18
320036,phase_1_arm_1,18
320049,phase_1_arm_1,18
320056,phase_1_arm_1,15
320059,phase_1_arm_1,18
320066,phase_1_arm_1,11
320077,phase_1_arm_1,18
320087,phase_1_arm_1,13
320088,phase_1_arm_1,13
320089,phase_1_arm_1,16
320092,phase_1_arm_1,13
320103,phase_1_arm_1,18
320107,phase_1_arm_1,13
320109,phase_1_arm_1,16
320116,phase_1_arm_1,16
320127,phase_1_arm_1,16
320134,phase_1_arm_1,16
320136,phase_1_arm_1,16
320160,phase_1_arm_1,16
320170,phase_1_arm_1,16
320173,phase_1_arm_1,11
320174,phase_1_arm_1,13
320177,phase_1_arm_1,18
320179,phase_1_arm_1,16
320194,phase_1_arm_1,16
320196,phase_1_arm_1,11
320197,phase_1_arm_1,11
320199,phase_1_arm_1,16
320202,phase_1_arm_1,16
320206,phase_1_arm_1,16
320208,phase_1_arm_1,16
320218,phase_1_arm_1,16
320230,phase_1_arm_1,18
320239,phase_1_arm_1,11
320247,phase_1_arm_1,16
320267,phase_1_arm_1,16
320269,phase_1_arm_1,11
320279,phase_1_arm_1,16
320292,phase_1_arm_1,18
320297,phase_1_arm_1,16
320301,phase_1_arm_1,18
320305,phase_1_arm_1,16
320306,phase_1_arm_1,15
320314,phase_1_arm_1,18
320315,phase_1_arm_1,18
320321,phase_1_arm_1,11
320325,phase_1_arm_1,16
320329,phase_1_arm_1,16
320331,phase_1_arm_1,16
320336,phase_1_arm_1,11
320342,phase_1_arm_1,16
320359,phase_1_arm_1,15
320361,phase_1_arm_1,18
320371,phase_1_arm_1,13
320374,phase_1_arm_1,11
320379,phase_1_arm_1,16
320380,phase_1_arm_1,13
320398,phase_1_arm_1,13
320400,phase_1_arm_1,18
320417,phase_1_arm_1,18
320427,phase_1_arm_1,18
320428,phase_1_arm_1,11
320429,phase_1_arm_1,13
320445,phase_1_arm_1,11
320448,phase_1_arm_1,15
320454,phase_1_arm_1,18
320457,phase_1_arm_1,18
320461,phase_1_arm_1,16
320466,phase_1_arm_1,18
320467,phase_1_arm_1,13
320468,phase_1_arm_1,13
320469,phase_1_arm_1,15
320475,phase_1_arm_1,11
320476,phase_1_arm_1,18
320478,phase_1_arm_1,16
320486,phase_1_arm_1,11
320496,phase_1_arm_1,16
320498,phase_1_arm_1,13
320500,phase_1_arm_1,16
320511,phase_1_arm_1,16
320551,phase_1_arm_1,13
320552,phase_1_arm_1,11
320553,phase_1_arm_1,16
320556,phase_1_arm_1,13
320564,phase_1_arm_1,16
320568,phase_1_arm_1,16
320574,phase_1_arm_1,16
320575,phase_1_arm_1,18
320576,phase_1_arm_1,11
320589,phase_1_arm_1,18
320595,phase_1_arm_1,11
320608,phase_1_arm_1,16
320616,phase_1_arm_1,16
320617,phase_1_arm_1,16
320621,phase_1_arm_1,11
320625,phase_1_arm_1,15
320627,phase_1_arm_1,16
320636,phase_1_arm_1,16
320643,phase_1_arm_1,13
320645,phase_1_arm_1,18
320651,phase_1_arm_1,18
320655,phase_1_arm_1,13
320661,phase_1_arm_1,13
320662,phase_1_arm_1,16
320680,phase_1_arm_1,11
320686,phase_1_arm_1,16
320687,phase_1_arm_1,16
320688,phase_1_arm_1,18
320689,phase_1_arm_1,11
320692,phase_1_arm_1,18
320698,phase_1_arm_1,13
320704,phase_1_arm_1,16
320707,phase_1_arm_1,16
320720,phase_1_arm_1,18
320751,phase_1_arm_1,15
320759,phase_1_arm_1,11
320776,phase_1_arm_1,16
320778,phase_1_arm_1,13
320799,phase_1_arm_1,16
320803,phase_1_arm_1,18
320806,phase_1_arm_1,16
320813,phase_1_arm_1,13
320814,phase_1_arm_1,16
320818,phase_1_arm_1,11
320828,phase_1_arm_1,18
320829,phase_1_arm_1,18
320836,phase_1_arm_1,16
320841,phase_1_arm_1,13
320846,phase_1_arm_1,18
320850,phase_1_arm_1,18
320859,phase_1_arm_1,16
320861,phase_1_arm_1,16
320870,phase_1_arm_1,18
320873,phase_1_arm_1,18
320876,phase_1_arm_1,16
320878,phase_1_arm_1,15
320884,phase_1_arm_1,16
320888,phase_1_arm_1,18
320893,phase_1_arm_1,16
320902,phase_1_arm_1,18
320904,phase_1_arm_1,11
320929,phase_1_arm_1,16
320931,phase_1_arm_1,16
320941,phase_1_arm_1,18
320957,phase_1_arm_1,18
320981,phase_1_arm_1,16
320987,phase_1_arm_1,13
321000,phase_1_arm_1,16
321013,phase_1_arm_1,16
321017,phase_1_arm_1,11
321025,phase_1_arm_1,16
321035,phase_1_arm_1,15
321036,phase_1_arm_1,13
321042,phase_1_arm_1,13
321043,phase_1_arm_1,15
321053,phase_1_arm_1,16
321069,phase_1_arm_1,16
321073,phase_1_arm_1,18
321078,phase_1_arm_1,15
321084,phase_1_arm_1,16
321087,phase_1_arm_1,16
321096,phase_1_arm_1,18
321097,phase_1_arm_1,11
321107,phase_1_arm_1,13
321115,phase_1_arm_1,15
321119,phase_1_arm_1,16
321120,phase_1_arm_1,18
321125,phase_1_arm_1,16
321137,phase_1_arm_1,18
321139,phase_1_arm_1,16
321140,phase_1_arm_1,18
321142,phase_1_arm_1,16
321146,phase_1_arm_1,13
321147,phase_1_arm_1,16
321153,phase_1_arm_1,16
321154,phase_1_arm_1,16
321167,phase_1_arm_1,18
321174,phase_1_arm_1,18
321179,phase_1_arm_1,16
321184,phase_1_arm_1,18
321188,phase_1_arm_1,16
321201,phase_1_arm_1,13
321203,phase_1_arm_1,18
321212,phase_1_arm_1,16
321215,phase_1_arm_1,16
321238,phase_1_arm_1,11
321241,phase_1_arm_1,11
321254,phase_1_arm_1,18
321262,phase_1_arm_1,11
321268,phase_1_arm_1,11
321281,phase_1_arm_1,16
321291,phase_1_arm_1,16
321305,phase_1_arm_1,16
321324,phase_1_arm_1,16
321326,phase_1_arm_1,16
321327,phase_1_arm_1,11
321331,phase_1_arm_1,16
321333,phase_1_arm_1,16
321338,phase_1_arm_1,16
321351,phase_1_arm_1,16
321359,phase_1_arm_1,16
321361,phase_1_arm_1,16
321368,phase_1_arm_1,15
321402,phase_1_arm_1,13
321428,phase_1_arm_1,18
321431,phase_1_arm_1,16
321435,phase_1_arm_1,16
321452,phase_1_arm_1,18
321464,phase_1_arm_1,16
321466,phase_1_arm_1,18
321480,phase_1_arm_2,13
321481,phase_1_arm_1,16
321488,phase_1_arm_1,16
321493,phase_1_arm_1,18
321504,phase_1_arm_1,18
321506,phase_1_arm_1,13
321510,phase_1_arm_1,16
321512,phase_1_arm_1,16
321520,phase_1_arm_1,18
321529,phase_1_arm_1,18
321541,phase_1_arm_1,11
321542,phase_1_arm_1,11
321544,phase_1_arm_1,16
321546,phase_1_arm_1,16
321557,phase_1_arm_1,18
321567,phase_1_arm_1,18
321571,phase_1_arm_1,18
321577,phase_1_arm_1,16
321583,phase_1_arm_1,18
321584,phase_1_arm_1,18
321585,phase_1_arm_1,18
321594,phase_1_arm_1,16
321595,phase_1_arm_1,18
321626,phase_1_arm_1,13
321627,phase_1_arm_1,18
321631,phase_1_arm_1,16
321648,phase_1_arm_1,18
321679,phase_1_arm_1,16
321693,phase_1_arm_1,16
321715,phase_1_arm_1,18
321737,phase_1_arm_1,16
321748,phase_1_arm_1,16
321765,phase_1_arm_1,18
321795,phase_1_arm_1,16
321852,phase_1_arm_1,16
321880,phase_1_arm_1,11
321885,phase_1_arm_1,13
321899,phase_1_arm_1,18
321976,phase_1_arm_1,16
322014,phase_1_arm_1,18
322161,phase_1_arm_1,16
322186,phase_1_arm_1,11
322270,phase_1_arm_1,16
322319,phase_1_arm_1,11
322358,phase_1_arm_1,16
322480,phase_1_arm_1,16
322741,phase_1_arm_1,18
410010,phase_1_arm_1,13
410015,phase_1_arm_1,16
410016,phase_1_arm_1,13
410021,phase_1_arm_1,11
410026,phase_1_arm_2,16
410029,phase_1_arm_1,18
410030,phase_1_arm_1,11
410032,phase_1_arm_1,11
410037,phase_1_arm_1,15
410040,phase_1_arm_1,16
410041,phase_1_arm_1,13
410071,phase_1_arm_2,11
410073,phase_1_arm_1,16
410079,phase_1_arm_1,16
410080,phase_1_arm_1,11
410084,phase_1_arm_1,13
410086,phase_1_arm_1,16
410091,phase_1_arm_1,16
410094,phase_1_arm_1,15
410097,phase_1_arm_1,11
410101,phase_1_arm_1,18
410110,phase_1_arm_1,9
410113,phase_1_arm_1,18
410116,phase_1_arm_1,18
410119,phase_1_arm_1,11
410121,phase_1_arm_1,16
410122,phase_1_arm_1,18
410129,phase_1_arm_1,16
410140,phase_1_arm_1,18
410145,phase_1_arm_1,18
410150,phase_1_arm_1,11
410153,phase_1_arm_1,13
410158,phase_1_arm_1,11
410163,phase_1_arm_1,13
410166,phase_1_arm_1,16
410167,phase_1_arm_1,16
410169,phase_1_arm_1,18
410171,phase_1_arm_1,11
410173,phase_1_arm_1,9
410177,phase_1_arm_1,16
410179,phase_1_arm_1,16
410182,phase_1_arm_1,18
410194,phase_1_arm_1,11
410200,phase_1_arm_1,16
410218,phase_1_arm_1,16
410220,phase_1_arm_1,18
410222,phase_1_arm_1,18
410226,phase_1_arm_1,16
410231,phase_1_arm_1,16
410242,phase_1_arm_1,11
410243,phase_1_arm_1,18
410244,phase_1_arm_1,16
410248,phase_1_arm_1,16
410249,phase_1_arm_1,16
410251,phase_1_arm_1,18
410256,phase_1_arm_1,18
410257,phase_1_arm_1,11
410259,phase_1_arm_1,11
410265,phase_1_arm_1,18
410269,phase_1_arm_1,13
410275,phase_1_arm_1,16
410277,phase_1_arm_1,18
410284,phase_1_arm_1,15
410286,phase_1_arm_1,18
410287,phase_1_arm_1,13
410288,phase_1_arm_1,11
410289,phase_1_arm_1,13
410292,phase_1_arm_2,11
410293,phase_1_arm_1,11
410297,phase_1_arm_1,16
410301,phase_1_arm_1,16
410313,phase_1_arm_1,16
410323,phase_1_arm_1,16
410325,phase_1_arm_1,16
410337,phase_1_arm_1,18
410346,phase_1_arm_1,11
410353,phase_1_arm_1,18
410354,phase_1_arm_1,11
410364,phase_1_arm_1,18
410382,phase_1_arm_1,18
410387,phase_1_arm_1,18
410388,phase_1_arm_1,15
410390,phase_1_arm_1,16
410392,phase_1_arm_2,11
410398,phase_1_arm_1,13
410428,phase_1_arm_1,16
410432,phase_1_arm_1,18
410435,phase_1_arm_1,16
410447,phase_1_arm_1,16
410453,phase_1_arm_1,16
410457,phase_1_arm_1,18
412004,phase_1_arm_1,13
412021,phase_1_arm_1,16
420004,phase_1_arm_1,16
420032,phase_1_arm_1,18
420041,phase_1_arm_1,16
420043,phase_1_arm_1,18
420057,phase_1_arm_1,16
420058,phase_1_arm_1,18
420060,phase_1_arm_1,13
420061,phase_1_arm_1,16
420067,phase_1_arm_1,11
420071,phase_1_arm_1,16
420075,phase_1_arm_1,13
420089,phase_1_arm_1,15
420091,phase_1_arm_1,11
420094,phase_1_arm_1,18
420100,phase_1_arm_1,13
420101,phase_1_arm_1,11
420108,phase_1_arm_1,9
420109,phase_1_arm_1,16
420110,phase_1_arm_1,18
420117,phase_1_arm_1,18
420125,phase_1_arm_1,13
420130,phase_1_arm_1,11
420134,phase_1_arm_1,18
420137,phase_1_arm_1,9
420140,phase_1_arm_1,18
420143,phase_1_arm_1,13
420146,phase_1_arm_1,16
420148,phase_1_arm_1,18
420149,phase_1_arm_1,16
420152,phase_1_arm_1,16
420154,phase_1_arm_1,13
420157,phase_1_arm_1,16
420158,phase_1_arm_1,16
420162,phase_1_arm_1,11
420163,phase_1_arm_2,9
420167,phase_1_arm_1,18
420173,phase_1_arm_1,16
420180,phase_1_arm_1,11
420181,phase_1_arm_1,18
420182,phase_1_arm_1,18
420183,phase_1_arm_1,18
420184,phase_1_arm_1,13
420188,phase_1_arm_1,11
420194,phase_1_arm_1,16
420195,phase_1_arm_1,18
420196,phase_1_arm_1,13
420197,phase_1_arm_1,13
420198,phase_1_arm_1,13
420200,phase_1_arm_1,11
420202,phase_1_arm_1,13
420204,phase_1_arm_1,15
420207,phase_1_arm_1,18
420210,phase_1_arm_1,13
420217,phase_1_arm_1,18
420218,phase_1_arm_1,11
420220,phase_1_arm_1,18
420222,phase_1_arm_1,11
420226,phase_1_arm_1,11
420227,phase_1_arm_1,11
420229,phase_1_arm_1,11
420231,phase_1_arm_1,18
420236,phase_1_arm_1,18
420241,phase_1_arm_1,16
420242,phase_1_arm_1,11
420243,phase_1_arm_1,16
420244,phase_1_arm_1,16
420246,phase_1_arm_1,18
420251,phase_1_arm_1,13
420259,phase_1_arm_1,16
420260,phase_1_arm_1,18
420261,phase_1_arm_1,16
420286,phase_1_arm_1,16
420301,phase_1_arm_1,13
420303,phase_1_arm_1,15
420309,phase_1_arm_1,16
420317,phase_1_arm_1,18
420322,phase_1_arm_1,18
420324,phase_1_arm_1,13
420327,phase_1_arm_1,13
420331,phase_1_arm_1,16
420342,phase_1_arm_1,18
420348,phase_1_arm_1,18
420352,phase_1_arm_1,16
420354,phase_1_arm_1,11
420356,phase_1_arm_1,13
420363,phase_1_arm_1,11
420364,phase_1_arm_1,11
420368,phase_1_arm_1,16
420374,phase_1_arm_1,16
420378,phase_1_arm_1,16
420379,phase_1_arm_1,16
420383,phase_1_arm_1,13
420387,phase_1_arm_1,18
420392,phase_1_arm_1,18
420396,phase_1_arm_1,11
420397,phase_1_arm_1,16
420402,phase_1_arm_1,18
420412,phase_1_arm_1,13
420416,phase_1_arm_1,16
420418,phase_1_arm_1,16
420423,phase_1_arm_1,18
420432,phase_1_arm_1,18
420433,phase_1_arm_1,16
420435,phase_1_arm_1,11
420447,phase_1_arm_1,18
420454,phase_1_arm_1,18
420455,phase_1_arm_1,13
420462,phase_1_arm_1,18
420463,phase_1_arm_1,13
420464,phase_1_arm_1,15
420483,phase_1_arm_1,18
420493,phase_1_arm_1,18
420494,phase_1_arm_1,16
420501,phase_1_arm_1,13
420502,phase_1_arm_1,18
420512,phase_1_arm_1,15
420531,phase_1_arm_1,16
420541,phase_1_arm_1,13
420546,phase_1_arm_1,13
420551,phase_1_arm_1,18
420554,phase_1_arm_1,16
420566,phase_1_arm_1,18
420569,phase_1_arm_1,18
420572,phase_1_arm_1,11
420582,phase_1_arm_1,13
420587,phase_1_arm_1,18
420589,phase_1_arm_1,16
420592,phase_1_arm_1,18
420599,phase_1_arm_1,13
420603,phase_1_arm_1,16
420604,phase_1_arm_1,18
420623,phase_1_arm_1,13
420624,phase_1_arm_1,16
420625,phase_1_arm_1,11
420635,phase_1_arm_1,11
420646,phase_1_arm_1,13
420655,phase_1_arm_1,18
420680,phase_1_arm_1,18
420701,phase_1_arm_1,22
420715,phase_1_arm_1,16
420718,phase_1_arm_1,18
420719,phase_1_arm_1,16
420720,phase_1_arm_1,18
420729,phase_1_arm_1,13
420731,phase_1_arm_1,16
420749,phase_1_arm_1,13
420776,phase_1_arm_1,16
420794,phase_1_arm_1,16
420818,phase_1_arm_1,18
420822,phase_1_arm_2,18
420839,phase_1_arm_2,13
420845,phase_1_arm_1,11
420846,phase_1_arm_1,18
420888,phase_1_arm_1,13
420905,phase_1_arm_2,11
420936,phase_1_arm_1,18
420942,phase_1_arm_1,18
420993,phase_1_arm_1,18
510001,phase_1_arm_1,18
510014,phase_1_arm_1,9
510015,phase_1_arm_1,16
510017,phase_1_arm_1,11
510025,phase_1_arm_1,9
510026,phase_1_arm_1,16
510033,phase_1_arm_1,9
510037,phase_1_arm_2,18
510039,phase_1_arm_1,13
510043,phase_1_arm_1,9
510044,phase_1_arm_1,16
510045,phase_1_arm_1,9
510048,phase_1_arm_1,9
510050,phase_1_arm_1,18
510062,phase_1_arm_1,11
510063,phase_1_arm_1,18
510072,phase_1_arm_1,9
510073,phase_1_arm_1,13
510076,phase_1_arm_1,13
510077,phase_1_arm_1,11
510086,phase_1_arm_1,11
510089,phase_1_arm_1,9
510101,phase_1_arm_1,11
510102,phase_1_arm_1,16
510104,phase_1_arm_1,16
510106,phase_1_arm_1,18
510110,phase_1_arm_1,9
510114,phase_1_arm_1,11
510115,phase_1_arm_1,15
510117,phase_1_arm_1,18
510122,phase_1_arm_1,16
510126,phase_1_arm_1,16
510127,phase_1_arm_1,16
510128,phase_1_arm_1,18
510129,phase_1_arm_1,9
510130,phase_1_arm_1,18
510135,phase_1_arm_1,13
510141,phase_1_arm_1,18
510147,phase_1_arm_1,9
510152,phase_1_arm_1,16
510161,phase_1_arm_1,16
510163,phase_1_arm_1,13
510169,phase_1_arm_1,9
510173,phase_1_arm_1,9
510179,phase_1_arm_1,18
510181,phase_1_arm_2,18
510182,phase_1_arm_1,13
510194,phase_1_arm_1,13
510206,phase_1_arm_1,9
510207,phase_1_arm_1,16
510208,phase_1_arm_1,18
510211,phase_1_arm_1,18
510215,phase_1_arm_1,16
510220,phase_1_arm_1,16
510226,phase_1_arm_1,18
510233,phase_1_arm_1,9
510237,phase_1_arm_1,18
510240,phase_1_arm_2,11
510242,phase_1_arm_1,18
510243,phase_1_arm_1,13
510249,phase_1_arm_1,16
510252,phase_1_arm_1,11
510255,phase_1_arm_1,18
510256,phase_1_arm_1,18
510258,phase_1_arm_1,18
510259,phase_1_arm_1,13
510263,phase_1_arm_1,11
510264,phase_1_arm_1,13
510269,phase_1_arm_1,11
510270,phase_1_arm_1,11
510281,phase_1_arm_1,9
510284,phase_1_arm_1,11
510285,phase_1_arm_1,13
510289,phase_1_arm_1,13
510300,phase_1_arm_2,9
510303,phase_1_arm_1,11
510304,phase_1_arm_1,11
510314,phase_1_arm_1,18
510321,phase_1_arm_1,13
510323,phase_1_arm_1,18
510329,phase_1_arm_1,16
510332,phase_1_arm_1,16
510342,phase_1_arm_1,9
510343,phase_1_arm_1,9
510347,phase_1_arm_1,16
510350,phase_1_arm_1,16
510354,phase_1_arm_1,13
510355,phase_1_arm_1,11
510371,phase_1_arm_2,11
510377,phase_1_arm_1,9
510392,phase_1_arm_1,9
510393,phase_1_arm_1,13
510395,phase_1_arm_1,11
510415,phase_1_arm_1,18
510426,phase_1_arm_2,9
510429,phase_1_arm_1,11
510430,phase_1_arm_1,16
510433,phase_1_arm_1,13
510434,phase_1_arm_1,18
510435,phase_1_arm_1,13
510438,phase_1_arm_1,18
510440,phase_1_arm_1,11
510448,phase_1_arm_1,9
510456,phase_1_arm_1,11
510473,phase_1_arm_1,16
510474,phase_1_arm_1,11
510476,phase_1_arm_1,18
510478,phase_1_arm_1,16
510480,phase_1_arm_1,16
510483,phase_1_arm_1,16
510486,phase_1_arm_1,18
510487,phase_1_arm_1,11
510488,phase_1_arm_1,16
510492,phase_1_arm_1,13
510498,phase_1_arm_1,16
510502,phase_1_arm_1,16
510505,phase_1_arm_1,18
510511,phase_1_arm_1,18
510516,phase_1_arm_1,9
510519,phase_1_arm_1,15
510526,phase_1_arm_1,11
510534,phase_1_arm_1,9
510540,phase_1_arm_1,9
510543,phase_1_arm_1,18
510548,phase_1_arm_1,11
510551,phase_1_arm_1,11
510552,phase_1_arm_1,11
510568,phase_1_arm_1,16
510572,phase_1_arm_1,11
510590,phase_1_arm_1,16
510591,phase_1_arm_1,16
510592,phase_1_arm_1,15
510594,phase_1_arm_1,18
510602,phase_1_arm_1,16
510607,phase_1_arm_2,9
510609,phase_1_arm_1,11
510621,phase_1_arm_1,11
510629,phase_1_arm_1,11
510636,phase_1_arm_1,9
510637,phase_1_arm_1,9
510639,phase_1_arm_1,13
510648,phase_1_arm_1,18
512003,phase_1_arm_1,16
512012,phase_1_arm_1,13
520002,phase_1_arm_1,16
520003,phase_1_arm_1,16
520005,phase_1_arm_1,11
520011,phase_1_arm_1,16
520013,phase_1_arm_1,11
520017,phase_1_arm_1,13
520024,phase_1_arm_1,16
520027,phase_1_arm_1,11
520033,phase_1_arm_1,16
520036,phase_1_arm_1,11
520040,phase_1_arm_1,16
520042,phase_1_arm_1,18
520047,phase_1_arm_1,9
520049,phase_1_arm_1,18
520052,phase_1_arm_1,16
520053,phase_1_arm_1,13
520055,phase_1_arm_1,18
520057,phase_1_arm_1,11
520063,phase_1_arm_1,16
520065,phase_1_arm_1,18
520067,phase_1_arm_1,9
520068,phase_1_arm_1,18
520070,phase_1_arm_1,16
520072,phase_1_arm_1,13
520075,phase_1_arm_1,16
520076,phase_1_arm_2,11
520078,phase_1_arm_1,16
520080,phase_1_arm_1,16
520083,phase_1_arm_1,16
520091,phase_1_arm_1,18
520097,phase_1_arm_1,13
520102,phase_1_arm_1,13
520106,phase_1_arm_1,11
520114,phase_1_arm_1,18
520117,phase_1_arm_1,18
520122,phase_1_arm_1,16
520127,phase_1_arm_1,18
520128,phase_1_arm_1,16
520134,phase_1_arm_1,16
520135,phase_1_arm_1,11
520136,phase_1_arm_1,16
520137,phase_1_arm_1,9
520143,phase_1_arm_1,11
520147,phase_1_arm_1,18
520162,phase_1_arm_1,16
520165,phase_1_arm_1,16
520168,phase_1_arm_1,18
520173,phase_1_arm_1,11
520175,phase_1_arm_1,16
520179,phase_1_arm_1,18
520190,phase_1_arm_1,11
520193,phase_1_arm_1,13
520197,phase_1_arm_1,18
520199,phase_1_arm_1,11
520200,phase_1_arm_1,11
520202,phase_1_arm_1,16
520203,phase_1_arm_1,16
520209,phase_1_arm_1,16
520211,phase_1_arm_1,18
520215,phase_1_arm_1,18
520219,phase_1_arm_1,18
520220,phase_1_arm_1,18
520221,phase_1_arm_1,11
520223,phase_1_arm_1,11
520227,phase_1_arm_1,18
520228,phase_1_arm_1,18
520229,phase_1_arm_1,9
520233,phase_1_arm_1,11
520236,phase_1_arm_1,13
520239,phase_1_arm_1,18
520240,phase_1_arm_1,16
520242,phase_1_arm_1,13
520247,phase_1_arm_1,16
520251,phase_1_arm_1,16
520252,phase_1_arm_1,15
520253,phase_1_arm_1,13
520254,phase_1_arm_1,16
520259,phase_1_arm_1,13
520260,phase_1_arm_1,13
520265,phase_1_arm_1,9
520267,phase_1_arm_1,16
520274,phase_1_arm_1,16
520275,phase_1_arm_1,16
520279,phase_1_arm_1,9
520280,phase_1_arm_1,18
520287,phase_1_arm_1,16
520290,phase_1_arm_2,11
520295,phase_1_arm_1,9
520300,phase_1_arm_1,16
520315,phase_1_arm_1,16
520316,phase_1_arm_1,16
520318,phase_1_arm_1,15
520320,phase_1_arm_1,16
520333,phase_1_arm_1,11
520337,phase_1_arm_1,15
520341,phase_1_arm_1,16
520346,phase_1_arm_1,9
520349,phase_1_arm_1,9
520352,phase_1_arm_1,16
520354,phase_1_arm_1,16
520364,phase_1_arm_1,9
520375,phase_1_arm_1,18
520376,phase_1_arm_1,11
520377,phase_1_arm_1,15
520381,phase_1_arm_1,18
520390,phase_1_arm_1,13
520391,phase_1_arm_1,18
520395,phase_1_arm_1,18
520398,phase_1_arm_1,11
520404,phase_1_arm_1,18
520407,phase_1_arm_2,9
520408,phase_1_arm_1,18
520409,phase_1_arm_1,13
520410,phase_1_arm_1,16
520413,phase_1_arm_1,9
520419,phase_1_arm_1,11
520424,phase_1_arm_1,18
520426,phase_1_arm_1,9
520436,phase_1_arm_1,16
520442,phase_1_arm_1,16
520447,phase_1_arm_2,16
520451,phase_1_arm_1,13
520454,phase_1_arm_1,9
520460,phase_1_arm_1,11
520461,phase_1_arm_1,18
520474,phase_1_arm_1,18
520477,phase_1_arm_1,16
520480,phase_1_arm_1,15
520484,phase_1_arm_1,11
520489,phase_1_arm_1,18
520498,phase_1_arm_1,9
520499,phase_1_arm_1,15
520503,phase_1_arm_1,18
520505,phase_1_arm_1,11
520512,phase_1_arm_1,11
520515,phase_1_arm_1,13
520517,phase_1_arm_1,16
520527,phase_1_arm_1,16
520538,phase_1_arm_1,13
520541,phase_1_arm_1,18
520542,phase_1_arm_2,11
520552,phase_1_arm_1,16
520553,phase_1_arm_1,18
520557,phase_1_arm_1,13
520560,phase_1_arm_1,11
520562,phase_1_arm_1,13
520568,phase_1_arm_1,9
520570,phase_1_arm_1,18
520571,phase_1_arm_1,16
520580,phase_1_arm_1,13
520582,phase_1_arm_1,18
520583,phase_1_arm_1,16
520584,phase_1_arm_1,11
520586,phase_1_arm_1,11
520589,phase_1_arm_2,18
520592,phase_1_arm_1,11
520597,phase_1_arm_1,18
520604,phase_1_arm_1,15
520607,phase_1_arm_1,11
520624,phase_1_arm_1,11
520626,phase_1_arm_1,16
520632,phase_1_arm_1,15
520638,phase_1_arm_1,16
520644,phase_1_arm_1,16
520652,phase_1_arm_1,13
520659,phase_1_arm_1,18
520660,phase_1_arm_1,9
520666,phase_1_arm_2,18
520669,phase_1_arm_2,16
520673,phase_1_arm_1,11
520683,phase_1_arm_1,18
520710,phase_1_arm_1,16
520712,phase_1_arm_2,16
520718,phase_1_arm_1,16
520724,phase_1_arm_1,15
520734,phase_1_arm_1,11
520745,phase_1_arm_1,13
520757,phase_1_arm_1,11
520758,phase_1_arm_1,18
520761,phase_1_arm_1,16
520775,phase_1_arm_1,9
520782,phase_1_arm_1,18
520783,phase_1_arm_1,11
520785,phase_1_arm_2,18
520789,phase_1_arm_1,16
520792,phase_1_arm_1,16
520794,phase_1_arm_1,16
520797,phase_1_arm_1,11
520798,phase_1_arm_1,11
520801,phase_1_arm_2,13
520816,phase_1_arm_1,18
520817,phase_1_arm_1,16
520862,phase_1_arm_1,18
520865,phase_1_arm_1,18
520867,phase_1_arm_1,18
520868,phase_1_arm_1,11
520877,phase_1_arm_1,11
520880,phase_1_arm_1,16
520882,phase_1_arm_1,18
520886,phase_1_arm_1,13
520903,phase_1_arm_1,11
520912,phase_1_arm_1,16
520965,phase_1_arm_1,18
520979,phase_1_arm_1,18
520980,phase_1_arm_1,9
521026,phase_1_arm_1,16
521040,phase_1_arm_1,13
521066,phase_1_arm_2,11
521094,phase_1_arm_2,18
521167,phase_1_arm_2,18
521185,phase_1_arm_1,18
521262,phase_1_arm_1,16
521344,phase_1_arm_1,18
521353,phase_1_arm_1,18
610010,phase_1_arm_1,16
610022,phase_1_arm_1,18
610026,phase_1_arm_1,15
610028,phase_1_arm_1,18
610039,phase_1_arm_1,11
610040,phase_1_arm_1,11
610042,phase_1_arm_1,13
610045,phase_1_arm_1,16
610046,phase_1_arm_1,9
610048,phase_1_arm_1,13
610050,phase_1_arm_1,15
610051,phase_1_arm_1,18
610052,phase_1_arm_1,11
610053,phase_1_arm_1,9
610058,phase_1_arm_1,9
610059,phase_1_arm_1,16
610061,phase_1_arm_1,18
610062,phase_1_arm_1,11
610069,phase_1_arm_1,9
610071,phase_1_arm_1,16
610075,phase_1_arm_1,9
610076,phase_1_arm_1,9
610080,phase_1_arm_1,11
610095,phase_1_arm_1,9
610096,phase_1_arm_1,16
610099,phase_1_arm_1,16
610100,phase_1_arm_1,11
610101,phase_1_arm_1,11
610103,phase_1_arm_1,9
610107,phase_1_arm_1,16
610110,phase_1_arm_2,11
610119,phase_1_arm_1,9
610120,phase_1_arm_1,13
610133,phase_1_arm_1,13
610146,phase_1_arm_1,16
610152,phase_1_arm_1,13
610153,phase_1_arm_1,18
610178,phase_1_arm_1,13
610184,phase_1_arm_1,9
610194,phase_1_arm_1,9
610198,phase_1_arm_1,9
610201,phase_1_arm_1,9
610203,phase_1_arm_1,11
610210,phase_1_arm_1,18
610212,phase_1_arm_1,13
610218,phase_1_arm_1,9
610227,phase_1_arm_1,11
610228,phase_1_arm_1,11
610231,phase_1_arm_1,13
610243,phase_1_arm_1,13
610244,phase_1_arm_1,9
610250,phase_1_arm_1,16
610256,phase_1_arm_2,18
610257,phase_1_arm_1,16
610261,phase_1_arm_1,11
610272,phase_1_arm_1,16
610285,phase_1_arm_1,11
610288,phase_1_arm_1,16
610292,phase_1_arm_1,11
610302,phase_1_arm_1,13
610308,phase_1_arm_1,11
610310,phase_1_arm_1,18
610311,phase_1_arm_1,11
610316,phase_1_arm_1,9
610317,phase_1_arm_1,18
610326,phase_1_arm_1,9
610327,phase_1_arm_1,9
610329,phase_1_arm_1,9
610336,phase_1_arm_1,9
610338,phase_1_arm_1,18
610339,phase_1_arm_1,16
610341,phase_1_arm_1,13
610344,phase_1_arm_1,11
610349,phase_1_arm_1,9
610352,phase_1_arm_1,13
610359,phase_1_arm_1,11
610372,phase_1_arm_1,16
610374,phase_1_arm_1,18
610376,phase_1_arm_1,11
610382,phase_1_arm_1,13
610383,phase_1_arm_1,9
610384,phase_1_arm_1,15
610386,phase_1_arm_2,18
610392,phase_1_arm_1,9
610393,phase_1_arm_1,16
610397,phase_1_arm_1,9
610398,phase_1_arm_1,13
610400,phase_1_arm_1,9
610405,phase_1_arm_1,11
610407,phase_1_arm_1,9
610419,phase_1_arm_1,13
610422,phase_1_arm_1,11
610432,phase_1_arm_1,16
610442,phase_1_arm_1,11
610450,phase_1_arm_1,16
610455,phase_1_arm_1,9
610462,phase_1_arm_1,13
610469,phase_1_arm_1,9
610471,phase_1_arm_1,11
610472,phase_1_arm_1,9
610484,phase_1_arm_1,18
610487,phase_1_arm_1,16
610496,phase_1_arm_1,9
610505,phase_1_arm_1,9
610506,phase_1_arm_1,18
610508,phase_1_arm_1,9
610526,phase_1_arm_1,18
610528,phase_1_arm_1,11
610536,phase_1_arm_1,9
610543,phase_1_arm_1,9
610546,phase_1_arm_1,9
610553,phase_1_arm_1,11
610560,phase_1_arm_1,9
610563,phase_1_arm_2,16
610567,phase_1_arm_1,16
610568,phase_1_arm_1,18
610569,phase_1_arm_1,18
610575,phase_1_arm_1,11
610576,phase_1_arm_1,11
610579,phase_1_arm_1,9
610581,phase_1_arm_1,9
610594,phase_1_arm_1,11
610611,phase_1_arm_1,18
610614,phase_1_arm_1,18
610625,phase_1_arm_1,9
610631,phase_1_arm_1,13
610652,phase_1_arm_1,11
610653,phase_1_arm_1,9
610658,phase_1_arm_1,16
610671,phase_1_arm_1,16
610686,phase_1_arm_1,16
610697,phase_1_arm_1,16
612007,phase_1_arm_1,16
612019,phase_1_arm_1,18
612069,phase_1_arm_2,16
620001,phase_1_arm_2,9
620003,phase_1_arm_1,9
620004,phase_1_arm_1,13
620005,phase_1_arm_1,13
620008,phase_1_arm_1,15
620009,phase_1_arm_1,9
620010,phase_1_arm_1,9
620013,phase_1_arm_1,9
620017,phase_1_arm_2,18
620019,phase_1_arm_1,9
620026,phase_1_arm_1,16
620035,phase_1_arm_1,9
620044,phase_1_arm_1,18
620045,phase_1_arm_1,13
620051,phase_1_arm_1,9
620052,phase_1_arm_1,16
620054,phase_1_arm_1,18
620057,phase_1_arm_1,16
620060,phase_1_arm_1,16
620064,phase_1_arm_1,11
620066,phase_1_arm_1,11
620067,phase_1_arm_1,13
620068,phase_1_arm_1,18
620073,phase_1_arm_1,16
620078,phase_1_arm_1,11
620085,phase_1_arm_1,13
620090,phase_1_arm_1,11
620091,phase_1_arm_1,18
620100,phase_1_arm_1,18
620102,phase_1_arm_1,13
620106,phase_1_arm_1,9
620107,phase_1_arm_1,9
620111,phase_1_arm_1,16
620114,phase_1_arm_1,16
620118,phase_1_arm_1,18
620121,phase_1_arm_1,18
620129,phase_1_arm_1,16
620132,phase_1_arm_1,11
620137,phase_1_arm_1,9
620139,phase_1_arm_2,11
620151,phase_1_arm_1,18
620152,phase_1_arm_1,15
620159,phase_1_arm_1,16
620162,phase_1_arm_1,11
620164,phase_1_arm_1,16
620165,phase_1_arm_1,9
620179,phase_1_arm_1,11
620183,phase_1_arm_1,9
620185,phase_1_arm_1,11
620189,phase_1_arm_1,16
620193,phase_1_arm_1,16
620197,phase_1_arm_1,18
620198,phase_1_arm_1,16
620199,phase_1_arm_1,13
620200,phase_1_arm_1,9
620204,phase_1_arm_1,9
620207,phase_1_arm_1,18
620208,phase_1_arm_1,9
620218,phase_1_arm_1,18
620222,phase_1_arm_1,18
620224,phase_1_arm_1,9
620227,phase_1_arm_1,15
620230,phase_1_arm_1,9
620231,phase_1_arm_1,18
620232,phase_1_arm_1,18
620241,phase_1_arm_2,16
620244,phase_1_arm_1,9
620248,phase_1_arm_1,16
620259,phase_1_arm_1,11
620262,phase_1_arm_1,15
620264,phase_1_arm_1,16
620266,phase_1_arm_2,9
620269,phase_1_arm_2,11
620270,phase_1_arm_1,13
620279,phase_1_arm_1,18
620283,phase_1_arm_1,13
620284,phase_1_arm_1,9
620285,phase_1_arm_1,15
620288,phase_1_arm_1,15
620297,phase_1_arm_1,13
620299,phase_1_arm_1,16
620305,phase_1_arm_1,11
620306,phase_1_arm_1,16
620314,phase_1_arm_1,9
620315,phase_1_arm_1,16
620317,phase_1_arm_1,16
620321,phase_1_arm_2,16
620347,phase_1_arm_1,18
620354,phase_1_arm_1,9
620356,phase_1_arm_1,13
620359,phase_1_arm_1,13
620372,phase_1_arm_1,18
620378,phase_1_arm_1,16
620385,phase_1_arm_1,13
620394,phase_1_arm_1,11
620399,phase_1_arm_1,9
620403,phase_1_arm_1,11
620404,phase_1_arm_1,11
620405,phase_1_arm_1,13
620406,phase_1_arm_1,16
620413,phase_1_arm_1,18
620422,phase_1_arm_1,9
620424,phase_1_arm_1,9
620429,phase_1_arm_1,9
620434,phase_1_arm_2,11
620436,phase_1_arm_1,13
620442,phase_1_arm_1,9
620444,phase_1_arm_1,13
620451,phase_1_arm_1,11
620454,phase_1_arm_1,9
620457,phase_1_arm_1,16
620458,phase_1_arm_1,18
620466,phase_1_arm_1,16
620471,phase_1_arm_1,11
620472,phase_1_arm_1,18
620477,phase_1_arm_1,16
620479,phase_1_arm_1,11
620485,phase_1_arm_2,16
620490,phase_1_arm_1,13
620494,phase_1_arm_1,11
620496,phase_1_arm_1,11
620499,phase_1_arm_1,18
620500,phase_1_arm_1,16
620507,phase_1_arm_1,18
620515,phase_1_arm_1,16
620518,phase_1_arm_1,13
620520,phase_1_arm_1,18
620526,phase_1_arm_1,18
620527,phase_1_arm_1,13
620529,phase_1_arm_1,15
620532,phase_1_arm_1,13
620533,phase_1_arm_2,16
620538,phase_1_arm_1,15
620545,phase_1_arm_1,16
620549,phase_1_arm_1,18
620554,phase_1_arm_1,17
620557,phase_1_arm_1,18
620560,phase_1_arm_1,16
620562,phase_1_arm_1,9
620567,phase_1_arm_1,16
620572,phase_1_arm_1,18
620575,phase_1_arm_1,11
620581,phase_1_arm_1,16
620585,phase_1_arm_1,16
620592,phase_1_arm_1,13
620597,phase_1_arm_1,11
620606,phase_1_arm_1,18
620608,phase_1_arm_2,9
620609,phase_1_arm_1,13
620610,phase_1_arm_1,18
620619,phase_1_arm_1,18
620630,phase_1_arm_1,15
620649,phase_1_arm_1,18
620650,phase_1_arm_1,11
620652,phase_1_arm_1,16
620654,phase_1_arm_1,18
620659,phase_1_arm_1,18
620661,phase_1_arm_1,16
620666,phase_1_arm_1,11
620667,phase_1_arm_1,18
620670,phase_1_arm_1,13
620671,phase_1_arm_2,11
620679,phase_1_arm_2,18
620685,phase_1_arm_1,15
620697,phase_1_arm_1,9
620699,phase_1_arm_1,9
620701,phase_1_arm_1,15
620709,phase_1_arm_1,18
620713,phase_1_arm_1,18
620717,phase_1_arm_1,9
620720,phase_1_arm_1,16
620731,phase_1_arm_1,11
620734,phase_1_arm_1,18
620738,phase_1_arm_1,16
620740,phase_1_arm_1,11
620743,phase_1_arm_1,13
620746,phase_1_arm_1,16
620763,phase_1_arm_1,16
620764,phase_1_arm_1,9
620769,phase_1_arm_1,11
620785,phase_1_arm_1,18
620791,phase_1_arm_1,9
620792,phase_1_arm_1,16
620793,phase_1_arm_1,13
620796,phase_1_arm_2,18
620797,phase_1_arm_1,11
620809,phase_1_arm_1,11
620821,phase_1_arm_1,18
620822,phase_1_arm_1,16
620824,phase_1_arm_1,18
620826,phase_1_arm_1,18
620828,phase_1_arm_1,9
620829,phase_1_arm_1,16
620835,phase_1_arm_1,18
620849,phase_1_arm_1,9
620852,phase_1_arm_1,16
620861,phase_1_arm_1,18
620865,phase_1_arm_1,11
620881,phase_1_arm_1,18
620882,phase_1_arm_1,16
620885,phase_1_arm_1,16
620889,phase_1_arm_1,9
620895,phase_1_arm_1,18
620896,phase_1_arm_1,18
620897,phase_1_arm_1,9
620907,phase_1_arm_2,16
620918,phase_1_arm_2,11
620919,phase_1_arm_1,11
620923,phase_1_arm_1,16
620929,phase_1_arm_1,13
620935,phase_1_arm_1,16
620937,phase_1_arm_1,9
620956,phase_1_arm_1,18
620957,phase_1_arm_1,11
620967,phase_1_arm_2,16
620968,phase_1_arm_2,11
620969,phase_1_arm_1,11
620996,phase_1_arm_1,18
621010,phase_1_arm_1,18
621011,phase_1_arm_1,11
621019,phase_1_arm_1,16
621020,phase_1_arm_2,18
621021,phase_1_arm_1,9
621035,phase_1_arm_1,9
621037,phase_1_arm_1,11
621044,phase_1_arm_1,9
621068,phase_1_arm_1,18
621080,phase_1_arm_1,18
621089,phase_1_arm_1,9
621095,phase_1_arm_1,18
621097,phase_1_arm_1,16
621098,phase_1_arm_1,16
621118,phase_1_arm_1,18
621120,phase_1_arm_2,18
621128,phase_1_arm_1,16
621140,phase_1_arm_2,15
621153,phase_1_arm_1,16
621173,phase_1_arm_1,11
621178,phase_1_arm_1,13
621184,phase_1_arm_1,11
621199,phase_1_arm_1,16
621219,phase_1_arm_1,11
621248,phase_1_arm_1,18
621265,phase_1_arm_2,13
621272,phase_1_arm_1,16
621282,phase_1_arm_1,18
621283,phase_1_arm_2,16
621284,phase_1_arm_1,9
621287,phase_1_arm_2,16
621326,phase_1_arm_1,11
621331,phase_1_arm_1,13
621430,phase_1_arm_1,9
621445,phase_1_arm_1,16
621525,phase_1_arm_2,11
621579,phase_1_arm_1,11
621627,phase_1_arm_1,9
621642,phase_1_arm_1,11
621675,phase_1_arm_1,9
621747,phase_1_arm_1,18
710002,phase_1_arm_1,11
710003,phase_1_arm_1,15
710009,phase_1_arm_1,9
710017,phase_1_arm_1,9
710028,phase_1_arm_1,11
710037,phase_1_arm_1,9
710050,phase_1_arm_1,11
710078,phase_1_arm_1,9
710079,phase_1_arm_1,18
710088,phase_1_arm_1,9
710099,phase_1_arm_1,16
710104,phase_1_arm_1,9
710111,phase_1_arm_2,9
710120,phase_1_arm_1,9
710122,phase_1_arm_1,9
710131,phase_1_arm_1,18
710132,phase_1_arm_1,13
710141,phase_1_arm_1,11
710146,phase_1_arm_1,9
710147,phase_1_arm_1,18
710153,phase_1_arm_1,18
710154,phase_1_arm_1,18
710160,phase_1_arm_1,11
710164,phase_1_arm_2,9
710168,phase_1_arm_1,15
710173,phase_1_arm_1,9
710174,phase_1_arm_1,9
710176,phase_1_arm_1,18
710184,phase_1_arm_1,9
710193,phase_1_arm_1,11
710196,phase_1_arm_1,9
710199,phase_1_arm_1,16
710206,phase_1_arm_1,16
710210,phase_1_arm_1,18
710211,phase_1_arm_1,16
710212,phase_1_arm_1,13
710214,phase_1_arm_1,13
710216,phase_1_arm_1,16
710223,phase_1_arm_1,15
710224,phase_1_arm_1,18
710232,phase_1_arm_1,18
710237,phase_1_arm_1,11
710241,phase_1_arm_1,9
710252,phase_1_arm_1,18
710253,phase_1_arm_1,9
710255,phase_1_arm_1,16
710261,phase_1_arm_2,9
710264,phase_1_arm_1,11
710268,phase_1_arm_1,9
710275,phase_1_arm_1,9
710285,phase_1_arm_1,9
710287,phase_1_arm_1,11
710292,phase_1_arm_1,9
710294,phase_1_arm_1,9
710299,phase_1_arm_1,15
710301,phase_1_arm_1,11
710303,phase_1_arm_1,11
710310,phase_1_arm_1,15
710313,phase_1_arm_1,18
710314,phase_1_arm_1,11
710320,phase_1_arm_1,9
710331,phase_1_arm_1,16
710335,phase_1_arm_1,18
710342,phase_1_arm_1,16
710345,phase_1_arm_2,13
710350,phase_1_arm_1,18
710355,phase_1_arm_1,13
710362,phase_1_arm_1,9
710373,phase_1_arm_1,9
710374,phase_1_arm_1,9
710378,phase_1_arm_1,18
710379,phase_1_arm_1,13
710382,phase_1_arm_1,9
710385,phase_1_arm_1,9
710390,phase_1_arm_1,11
710401,phase_1_arm_1,16
710404,phase_1_arm_1,9
710405,phase_1_arm_1,15
710406,phase_1_arm_1,9
710416,phase_1_arm_1,11
710425,phase_1_arm_1,15
710428,phase_1_arm_2,9
710429,phase_1_arm_1,13
710440,phase_1_arm_1,15
710446,phase_1_arm_1,9
710452,phase_1_arm_1,9
710455,phase_1_arm_1,9
710457,phase_1_arm_1,11
710462,phase_1_arm_1,16
710484,phase_1_arm_1,9
710486,phase_1_arm_1,11
710488,phase_1_arm_1,9
710494,phase_1_arm_1,13
710496,phase_1_arm_1,11
710501,phase_1_arm_1,11
710518,phase_1_arm_1,18
710520,phase_1_arm_2,9
710522,phase_1_arm_1,9
710523,phase_1_arm_1,16
710531,phase_1_arm_1,9
710537,phase_1_arm_1,15
710548,phase_1_arm_1,11
710551,phase_1_arm_1,16
710559,phase_1_arm_1,11
710564,phase_1_arm_1,18
710566,phase_1_arm_1,13
710574,phase_1_arm_1,9
710580,phase_1_arm_1,9
710581,phase_1_arm_1,16
710584,phase_1_arm_1,9
710591,phase_1_arm_1,11
710592,phase_1_arm_1,18
710595,phase_1_arm_1,9
710598,phase_1_arm_1,11
710599,phase_1_arm_1,15
710602,phase_1_arm_1,18
710603,phase_1_arm_1,9
710617,phase_1_arm_1,9
710641,phase_1_arm_1,13
710646,phase_1_arm_1,11
710648,phase_1_arm_1,9
710649,phase_1_arm_1,9
710662,phase_1_arm_1,11
710664,phase_1_arm_1,9
710666,phase_1_arm_1,9
710667,phase_1_arm_1,18
710670,phase_1_arm_1,9
710679,phase_1_arm_1,16
710680,phase_1_arm_1,9
710681,phase_1_arm_1,18
710686,phase_1_arm_1,9
710701,phase_1_arm_1,9
710708,phase_1_arm_1,16
710712,phase_1_arm_1,9
710719,phase_1_arm_1,9
710735,phase_1_arm_2,16
710738,phase_1_arm_1,11
710745,phase_1_arm_1,11
710758,phase_1_arm_2,13
710774,phase_1_arm_1,9
710780,phase_1_arm_1,18
710794,phase_1_arm_1,13
710798,phase_1_arm_1,9
710811,phase_1_arm_1,15
710812,phase_1_arm_1,11
710823,phase_1_arm_1,16
710831,phase_1_arm_1,9
710836,phase_1_arm_1,9
710840,phase_1_arm_1,9
710858,phase_1_arm_1,11
710862,phase_1_arm_1,9
710863,phase_1_arm_1,11
710871,phase_1_arm_1,13
710879,phase_1_arm_1,11
710883,phase_1_arm_1,9
710884,phase_1_arm_1,9
710891,phase_1_arm_1,9
710913,phase_1_arm_1,9
710951,phase_1_arm_1,11
710952,phase_1_arm_1,16
710957,phase_1_arm_1,15
710961,phase_1_arm_1,15
710968,phase_1_arm_1,11
710982,phase_1_arm_1,13
710991,phase_1_arm_1,16
711003,phase_1_arm_1,9
711020,phase_1_arm_2,13
711025,phase_1_arm_1,13
711026,phase_1_arm_1,11
711027,phase_1_arm_1,9
711033,phase_1_arm_1,9
711035,phase_1_arm_1,13
711037,phase_1_arm_1,9
711046,phase_1_arm_1,9
711053,phase_1_arm_1,16
711062,phase_1_arm_1,16
711068,phase_1_arm_1,9
711075,phase_1_arm_1,9
711076,phase_1_arm_1,18
711087,phase_1_arm_1,11
711090,phase_1_arm_1,18
711116,phase_1_arm_1,13
711122,phase_1_arm_1,11
711128,phase_1_arm_1,11
711139,phase_1_arm_1,16
711141,phase_1_arm_1,16
711146,phase_1_arm_1,11
711158,phase_1_arm_1,16
711177,phase_1_arm_1,9
711179,phase_1_arm_1,18
711182,phase_1_arm_1,9
711208,phase_1_arm_1,9
711231,phase_1_arm_1,9
711232,phase_1_arm_1,13
711244,phase_1_arm_1,16
711245,phase_1_arm_1,9
711251,phase_1_arm_1,16
711257,phase_1_arm_1,9
711258,phase_1_arm_1,11
711262,phase_1_arm_1,11
712027,phase_1_arm_1,9
712039,phase_1_arm_1,11
712085,phase_1_arm_1,16
712091,phase_1_arm_1,16
712122,phase_1_arm_1,16
712129,phase_1_arm_1,16
712144,phase_1_arm_1,9
712181,phase_1_arm_1,11
720003,phase_1_arm_1,9
720004,phase_1_arm_1,9
720007,phase_1_arm_1,13
720008,phase_1_arm_1,11
720014,phase_1_arm_1,9
720020,phase_1_arm_1,18
720023,phase_1_arm_1,11
720028,phase_1_arm_1,9
720031,phase_1_arm_1,11
720034,phase_1_arm_1,9
720039,phase_1_arm_1,9
720044,phase_1_arm_1,11
720045,phase_1_arm_1,13
720057,phase_1_arm_1,9
720059,phase_1_arm_1,9
720071,phase_1_arm_1,13
720083,phase_1_arm_1,11
720092,phase_1_arm_1,11
720101,phase_1_arm_1,15
720102,phase_1_arm_1,16
720103,phase_1_arm_1,15
720113,phase_1_arm_1,18
720114,phase_1_arm_1,16
720115,phase_1_arm_2,18
720118,phase_1_arm_1,15
720119,phase_1_arm_1,16
720127,phase_1_arm_1,13
720141,phase_1_arm_1,18
720148,phase_1_arm_1,11
720150,phase_1_arm_1,16
720151,phase_1_arm_1,9
720152,phase_1_arm_1,16
720153,phase_1_arm_1,9
720163,phase_1_arm_1,13
720167,phase_1_arm_2,11
720178,phase_1_arm_1,9
720180,phase_1_arm_1,18
720188,phase_1_arm_1,18
720192,phase_1_arm_1,9
720194,phase_1_arm_1,16
720197,phase_1_arm_1,11
720206,phase_1_arm_1,16
720215,phase_1_arm_1,11
720219,phase_1_arm_1,9
720221,phase_1_arm_1,9
720230,phase_1_arm_1,9
720238,phase_1_arm_1,13
720239,phase_1_arm_1,16
720259,phase_1_arm_1,9
720261,phase_1_arm_1,9
720271,phase_1_arm_1,9
720273,phase_1_arm_1,11
720274,phase_1_arm_2,9
720275,phase_1_arm_1,16
720285,phase_1_arm_1,11
720288,phase_1_arm_1,13
720289,phase_1_arm_1,9
720290,phase_1_arm_1,16
720293,phase_1_arm_1,13
720304,phase_1_arm_1,11
720305,phase_1_arm_1,11
720306,phase_1_arm_1,18
720317,phase_1_arm_1,11
720319,phase_1_arm_2,13
720329,phase_1_arm_1,18
720330,phase_1_arm_1,13
720333,phase_1_arm_1,18
720337,phase_1_arm_1,13
720341,phase_1_arm_1,18
720342,phase_1_arm_1,9
720349,phase_1_arm_1,9
720358,phase_1_arm_1,15
720359,phase_1_arm_1,13
720364,phase_1_arm_1,9
720380,phase_1_arm_1,11
720384,phase_1_arm_2,9
720393,phase_1_arm_1,11
720398,phase_1_arm_2,11
720400,phase_1_arm_1,11
720407,phase_1_arm_1,11
720410,phase_1_arm_1,9
720411,phase_1_arm_1,13
720414,phase_1_arm_1,16
720424,phase_1_arm_1,11
720445,phase_1_arm_1,15
720452,phase_1_arm_1,9
720455,phase_1_arm_1,13
720468,phase_1_arm_1,9
720474,phase_1_arm_1,9
720480,phase_1_arm_1,15
720481,phase_1_arm_1,11
720485,phase_1_arm_1,9
720489,phase_1_arm_1,9
720490,phase_1_arm_1,9
720495,phase_1_arm_1,11
720497,phase_1_arm_1,9
720502,phase_1_arm_1,11
720511,phase_1_arm_1,16
720513,phase_1_arm_1,18
720516,phase_1_arm_1,11
720519,phase_1_arm_1,9
720520,phase_1_arm_1,9
720521,phase_1_arm_1,11
720528,phase_1_arm_1,16
720536,phase_1_arm_1,13
720543,phase_1_arm_1,9
720545,phase_1_arm_1,18
720546,phase_1_arm_1,11
720547,phase_1_arm_1,16
720552,phase_1_arm_1,9
720569,phase_1_arm_1,16
720600,phase_1_arm_1,16
720611,phase_1_arm_1,9
720622,phase_1_arm_1,16
720623,phase_1_arm_1,16
720626,phase_1_arm_1,11
720639,phase_1_arm_1,18
720641,phase_1_arm_1,16
720646,phase_1_arm_1,11
720648,phase_1_arm_1,11
720655,phase_1_arm_1,11
720670,phase_1_arm_1,18
720672,phase_1_arm_1,11
720674,phase_1_arm_1,16
720684,phase_1_arm_1,11
720685,phase_1_arm_1,16
720692,phase_1_arm_1,9
720693,phase_1_arm_2,11
720699,phase_1_arm_1,9
720700,phase_1_arm_1,18
720701,phase_1_arm_1,11
720704,phase_1_arm_1,18
720705,phase_1_arm_1,18
720718,phase_1_arm_2,11
720721,phase_1_arm_1,11
720722,phase_1_arm_1,9
720723,phase_1_arm_1,16
720726,phase_1_arm_1,9
720736,phase_1_arm_1,13
720738,phase_1_arm_1,11
720739,phase_1_arm_1,11
720740,phase_1_arm_1,15
720744,phase_1_arm_1,18
720751,phase_1_arm_1,9
720752,phase_1_arm_1,11
720755,phase_1_arm_1,16
720766,phase_1_arm_1,18
720767,phase_1_arm_1,16
720774,phase_1_arm_1,18
720776,phase_1_arm_1,9
720793,phase_1_arm_1,13
720795,phase_1_arm_1,11
720798,phase_1_arm_1,11
720814,phase_1_arm_1,9
720819,phase_1_arm_2,16
720820,phase_1_arm_1,16
720823,phase_1_arm_1,9
720830,phase_1_arm_1,9
720846,phase_1_arm_1,9
720873,phase_1_arm_1,13
720881,phase_1_arm_1,18
720897,phase_1_arm_1,16
720901,phase_1_arm_1,16
720904,phase_1_arm_1,16
720908,phase_1_arm_1,9
720927,phase_1_arm_1,18
720928,phase_1_arm_1,11
720940,phase_1_arm_1,11
720941,phase_1_arm_1,13
720942,phase_1_arm_1,11
720964,phase_1_arm_1,9
720969,phase_1_arm_1,16
720986,phase_1_arm_1,9
720993,phase_1_arm_1,9
720998,phase_1_arm_1,11
721003,phase_1_arm_1,13
721021,phase_1_arm_1,9
721022,phase_1_arm_1,16
721031,phase_1_arm_1,9
721034,phase_1_arm_1,9
721037,phase_1_arm_1,16
721041,phase_1_arm_1,18
721044,phase_1_arm_1,9
721052,phase_1_arm_1,11
721056,phase_1_arm_1,13
721070,phase_1_arm_1,15
721074,phase_1_arm_1,16
721078,phase_1_arm_1,16
721084,phase_1_arm_1,9
721086,phase_1_arm_1,11
721107,phase_1_arm_1,16
721112,phase_1_arm_1,16
721114,phase_1_arm_1,11
721125,phase_1_arm_1,11
721131,phase_1_arm_1,11
721140,phase_1_arm_1,9
721143,phase_1_arm_1,9
721144,phase_1_arm_1,18
721168,phase_1_arm_1,13
721171,phase_1_arm_1,11
721176,phase_1_arm_1,11
721177,phase_1_arm_1,11
721184,phase_1_arm_2,18
721196,phase_1_arm_1,13
721199,phase_1_arm_1,9
721205,phase_1_arm_1,13
721209,phase_1_arm_2,13
721217,phase_1_arm_1,16
721222,phase_1_arm_1,15
721223,phase_1_arm_2,16
721224,phase_1_arm_1,11
721234,phase_1_arm_1,9
721236,phase_1_arm_2,11
721238,phase_1_arm_1,16
721270,phase_1_arm_1,9
721273,phase_1_arm_1,18
721279,phase_1_arm_1,15
721289,phase_1_arm_1,9
721291,phase_1_arm_1,16
721292,phase_1_arm_1,16
721293,phase_1_arm_1,11
721307,phase_1_arm_1,16
721336,phase_1_arm_1,9
721346,phase_1_arm_1,9
721357,phase_1_arm_1,9
721374,phase_1_arm_1,11
721377,phase_1_arm_1,16
721392,phase_1_arm_1,11
721396,phase_1_arm_1,9
721402,phase_1_arm_1,18
721406,phase_1_arm_1,16
721415,phase_1_arm_1,9
721416,phase_1_arm_1,9
721418,phase_1_arm_1,11
721419,phase_1_arm_1,16
721428,phase_1_arm_1,9
721434,phase_1_arm_1,9
721449,phase_1_arm_1,18
721465,phase_1_arm_1,9
721485,phase_1_arm_1,9
721504,phase_1_arm_1,16
721513,phase_1_arm_1,13
721519,phase_1_arm_1,18
721522,phase_1_arm_1,16
721526,phase_1_arm_1,15
721529,phase_1_arm_1,16
721532,phase_1_arm_1,11
721538,phase_1_arm_1,9
721542,phase_1_arm_1,13
721543,phase_1_arm_1,16
721557,phase_1_arm_1,11
721574,phase_1_arm_1,11
721581,phase_1_arm_1,11
721585,phase_1_arm_1,18
721592,phase_1_arm_1,9
721596,phase_1_arm_1,11
721602,phase_1_arm_1,18
721608,phase_1_arm_1,16
721618,phase_1_arm_1,11
721635,phase_1_arm_1,18
721648,phase_1_arm_1,18
721651,phase_1_arm_1,11
721654,phase_1_arm_1,9
721659,phase_1_arm_1,9
721668,phase_1_arm_1,16
721674,phase_1_arm_1,16
721683,phase_1_arm_1,11
721698,phase_1_arm_1,18
721702,phase_1_arm_1,18
721704,phase_1_arm_1,18
721705,phase_1_arm_1,15
721707,phase_1_arm_1,18
721720,phase_1_arm_1,16
721722,phase_1_arm_1,18
721726,phase_1_arm_1,11
721729,phase_1_arm_1,9
721737,phase_1_arm_1,9
721746,phase_1_arm_1,16
721752,phase_1_arm_1,16
721755,phase_1_arm_1,16
721758,phase_1_arm_1,16
721776,phase_1_arm_1,18
721779,phase_1_arm_1,18
721783,phase_1_arm_1,9
721795,phase_1_arm_1,18
721803,phase_1_arm_1,11
721815,phase_1_arm_1,15
721824,phase_1_arm_1,9
721826,phase_1_arm_1,16
721829,phase_1_arm_1,9
721840,phase_1_arm_2,9
721848,phase_1_arm_2,16
721854,phase_1_arm_1,9
721859,phase_1_arm_1,16
721888,phase_1_arm_1,18
721891,phase_1_arm_1,9
721894,phase_1_arm_1,13
721910,phase_1_arm_1,11
721919,phase_1_arm_1,11
721928,phase_1_arm_2,13
721932,phase_1_arm_1,16
721934,phase_1_arm_1,11
721937,phase_1_arm_1,9
721943,phase_1_arm_1,11
721947,phase_1_arm_1,13
721957,phase_1_arm_1,16
722012,phase_1_arm_1,9
722030,phase_1_arm_1,11
722044,phase_1_arm_1,9
722047,phase_1_arm_1,11
722049,phase_1_arm_1,9
722052,phase_1_arm_1,16
722077,phase_1_arm_1,11
722083,phase_1_arm_1,11
722092,phase_1_arm_1,11
722096,phase_1_arm_1,9
722111,phase_1_arm_1,16
722116,phase_1_arm_1,11
722134,phase_1_arm_1,9
722144,phase_1_arm_2,9
722150,phase_1_arm_1,11
722174,phase_1_arm_1,9
722191,phase_1_arm_1,11
722202,phase_1_arm_1,13
722216,phase_1_arm_1,17
722232,phase_1_arm_1,11
722256,phase_1_arm_1,9
722259,phase_1_arm_1,11
722268,phase_1_arm_2,16
722273,phase_1_arm_1,18
722289,phase_1_arm_1,9
722312,phase_1_arm_1,9
722313,phase_1_arm_1,18
722319,phase_1_arm_1,16
722358,phase_1_arm_1,16
722383,phase_1_arm_1,11
722384,phase_1_arm_1,9
722394,phase_1_arm_1,9
722409,phase_1_arm_1,18
722420,phase_1_arm_1,9
722421,phase_1_arm_1,18
722429,phase_1_arm_1,13
722462,phase_1_arm_1,9
722474,phase_1_arm_1,9
722481,phase_1_arm_1,9
722499,phase_1_arm_1,9
722502,phase_1_arm_1,15
722509,phase_1_arm_2,9
722522,phase_1_arm_1,18
722536,phase_1_arm_1,16
722538,phase_1_arm_1,9
722542,phase_1_arm_1,18
722560,phase_1_arm_1,11
722580,phase_1_arm_1,16
722591,phase_1_arm_1,13
722592,phase_1_arm_1,18
722599,phase_1_arm_2,15
722626,phase_1_arm_1,18
722628,phase_1_arm_1,9
722651,phase_1_arm_1,11
722671,phase_1_arm_1,9
722674,phase_1_arm_1,11
722685,phase_1_arm_1,11
722695,phase_1_arm_1,15
722714,phase_1_arm_1,13
722722,phase_1_arm_1,13
722735,phase_1_arm_1,16
722747,phase_1_arm_1,18
722762,phase_1_arm_1,11
722771,phase_1_arm_1,16
722782,phase_1_arm_1,15
722786,phase_1_arm_1,16
722811,phase_1_arm_1,16
722891,phase_1_arm_1,9
722892,phase_1_arm_1,13
722920,phase_1_arm_1,9
722930,phase_1_arm_1,13
722935,phase_1_arm_1,11
722979,phase_1_arm_1,15
722983,phase_1_arm_1,16
723033,phase_1_arm_1,16
723079,phase_1_arm_1,18
723100,phase_1_arm_1,11
723119,phase_1_arm_1,16
723135,phase_1_arm_1,16
723197,phase_1_arm_1,18
723213,phase_1_arm_1,16
723287,phase_1_arm_1,16
723292,phase_1_arm_1,9
723357,phase_1_arm_1,15
723395,phase_1_arm_1,11
723459,phase_1_arm_1,11
723493,phase_1_arm_1,11
723507,phase_1_arm_1,9
723699,phase_1_arm_1,9
723712,phase_1_arm_1,9
723741,phase_1_arm_1,15
723792,phase_1_arm_1,16
724034,phase_1_arm_1,16
810026,phase_1_arm_1,9
810041,phase_1_arm_1,11
810074,phase_1_arm_1,9
810094,phase_1_arm_1,9
810098,phase_1_arm_1,11
810099,phase_1_arm_1,9
810106,phase_1_arm_1,9
810116,phase_1_arm_1,16
810119,phase_1_arm_1,9
810144,phase_1_arm_2,13
810148,phase_1_arm_1,9
810155,phase_1_arm_1,11
810168,phase_1_arm_1,11
810175,phase_1_arm_1,13
810177,phase_1_arm_1,13
810183,phase_1_arm_1,9
810188,phase_1_arm_1,16
810228,phase_1_arm_1,9
810231,phase_1_arm_1,18
810244,phase_1_arm_1,18
810246,phase_1_arm_1,9
810249,phase_1_arm_1,9
810270,phase_1_arm_1,16
810272,phase_1_arm_1,9
810286,phase_1_arm_1,11
810301,phase_1_arm_1,9
810315,phase_1_arm_1,9
810333,phase_1_arm_1,9
810334,phase_1_arm_1,9
810343,phase_1_arm_1,9
810353,phase_1_arm_1,9
810363,phase_1_arm_1,13
810372,phase_1_arm_1,16
810383,phase_1_arm_1,16
810386,phase_1_arm_1,11
810405,phase_1_arm_1,15
810420,phase_1_arm_1,9
810436,phase_1_arm_1,9
810438,phase_1_arm_1,11
810441,phase_1_arm_1,16
810452,phase_1_arm_1,9
812002,phase_1_arm_1,11
812030,phase_1_arm_1,9
812031,phase_1_arm_1,11
820004,phase_1_arm_1,18
820017,phase_1_arm_1,11
820031,phase_1_arm_1,16
820044,phase_1_arm_1,18
820047,phase_1_arm_1,9
820052,phase_1_arm_1,9
820053,phase_1_arm_1,9
820059,phase_1_arm_1,9
820072,phase_1_arm_1,9
820088,phase_1_arm_1,9
820091,phase_1_arm_1,16
820107,phase_1_arm_1,9
820116,phase_1_arm_1,11
820125,phase_1_arm_1,9
820126,phase_1_arm_1,9
820147,phase_1_arm_1,13
820169,phase_1_arm_1,13
820174,phase_1_arm_1,16
820187,phase_1_arm_1,11
820188,phase_1_arm_1,16
820189,phase_1_arm_1,9
820198,phase_1_arm_1,9
820203,phase_1_arm_1,16
820207,phase_1_arm_1,9
820223,phase_1_arm_1,16
820243,phase_1_arm_1,16
820249,phase_1_arm_1,9
820258,phase_1_arm_1,16
820259,phase_1_arm_1,18
820264,phase_1_arm_1,9
820282,phase_1_arm_1,16
820304,phase_1_arm_1,16
820305,phase_1_arm_1,18
820324,phase_1_arm_1,9
820343,phase_1_arm_1,16
820356,phase_1_arm_1,11
820361,phase_1_arm_1,9
820375,phase_1_arm_1,11
820384,phase_1_arm_1,11
820407,phase_1_arm_1,13
820421,phase_1_arm_1,11
820432,phase_1_arm_1,11
820435,phase_1_arm_1,13
820444,phase_1_arm_1,15
820452,phase_1_arm_1,15
820453,phase_1_arm_1,16
820461,phase_1_arm_1,9
820489,phase_1_arm_1,11
820501,phase_1_arm_1,13
820506,phase_1_arm_1,18
820510,phase_1_arm_1,13
820520,phase_1_arm_1,16
820548,phase_1_arm_1,15
820565,phase_1_arm_1,11
820577,phase_1_arm_2,18
820588,phase_1_arm_1,9
820601,phase_1_arm_1,9
820617,phase_1_arm_1,9
820636,phase_1_arm_2,16
820640,phase_1_arm_1,9
820645,phase_1_arm_1,9
820657,phase_1_arm_1,9
820667,phase_1_arm_1,9
820675,phase_1_arm_1,11
820689,phase_1_arm_2,11
820701,phase_1_arm_1,9
820708,phase_1_arm_1,9
820711,phase_1_arm_1,9
820722,phase_1_arm_1,13
820740,phase_1_arm_1,9
820745,phase_1_arm_1,9
820758,phase_1_arm_1,15
820765,phase_1_arm_1,15
820771,phase_1_arm_1,16
820790,phase_1_arm_1,9
820842,phase_1_arm_1,9
820862,phase_1_arm_1,11
820910,phase_1_arm_1,15
820960,phase_1_arm_1,9
820974,phase_1_arm_1,9
820998,phase_1_arm_1,13
821061,phase_1_arm_1,16
821077,phase_1_arm_1,11
821078,phase_1_arm_1,11
821083,phase_1_arm_1,11
821090,phase_1_arm_1,16
