record_id,redcap_event_name
410392,participant_info_arm_2
420163,participant_info_arm_2
510300,participant_info_arm_2
510371,participant_info_arm_2
510426,participant_info_arm_2
510607,participant_info_arm_2
520407,participant_info_arm_2
620434,participant_info_arm_2
620533,participant_info_arm_2
620608,participant_info_arm_2
620671,participant_info_arm_2
620907,participant_info_arm_2
620918,participant_info_arm_2
621265,participant_info_arm_2
621283,participant_info_arm_2
710111,participant_info_arm_2
710164,participant_info_arm_2
710261,participant_info_arm_2
710345,participant_info_arm_2
710428,participant_info_arm_2
710520,participant_info_arm_2
710735,participant_info_arm_2
710758,participant_info_arm_2
711020,participant_info_arm_2
720115,participant_info_arm_2
720167,participant_info_arm_2
720274,participant_info_arm_2
720319,participant_info_arm_2
720384,participant_info_arm_2
720398,participant_info_arm_2
720693,participant_info_arm_2
721184,participant_info_arm_2
721209,participant_info_arm_2
721223,participant_info_arm_2
721236,participant_info_arm_2
721840,participant_info_arm_2
721848,participant_info_arm_2
722268,participant_info_arm_2
722509,participant_info_arm_2
810144,participant_info_arm_2
820636,participant_info_arm_2
820689,participant_info_arm_2
